Modello,Generazioni,Successi,Pass Rate (%),Token Totali,Token Medi,Costo Totale ($),Costo/Gen ($),Costo/Successo ($)
GPT,300,234,78.0,"106,669",356,0.0408,0.000136,0.000174
GEMINI,300,210,70.0,"108,002",360,0.1545,0.000515,0.000736
LLAMA,300,189,63.0,"118,278",394,0.0077,0.000026,0.000041
QWEN,300,39,13.0,"354,736",1182,0.0267,0.000089,0.000684
