Confronto,p-value,Significativo,Cohen's d,Magnitude
GPT vs GEMINI,0.13087382037269488,❌,0.1912088009927158,trascurabile
GPT vs LLAMA,0.032445749995156405,❌,0.3515563174440075,piccolo
GPT vs QWEN,9.054673485456061e-14,✅,1.906099874679911,grande
GEMINI vs LLAMA,0.46335608717929133,❌,0.160283894586909,trascurabile
GEMINI vs QWEN,2.932177355680904e-11,✅,1.6124221094363131,grande
LLAMA vs QWEN,8.441231920253519e-10,✅,1.3763814488098105,grande
