{
  "llama": {
    "total_generations": 300,
    "successful_generations": 189,
    "total_tokens": 118278,
    "total_latency": 120.9367790222168,
    "total_cost": 0.007703340000000006,
    "avg_tokens": 394.26,
    "median_tokens": 369.0,
    "std_tokens": 145.1769963443194,
    "avg_latency": 0.40312259674072265,
    "median_latency": 0.37154626846313477,
    "std_latency": 0.15270750859238255,
    "cost_per_generation": 2.567780000000002e-05,
    "cost_per_success": 4.0758412698412735e-05,
    "pass_rate": 63.0
  },
  "qwen": {
    "total_generations": 300,
    "successful_generations": 39,
    "total_tokens": 354736,
    "total_latency": 969.8712685108185,
    "total_cost": 0.026692429999999986,
    "avg_tokens": 1182.4533333333334,
    "median_tokens": 1200.0,
    "std_tokens": 140.03633482944264,
    "avg_latency": 3.232904228369395,
    "median_latency": 3.479482054710388,
    "std_latency": 0.8635097359916802,
    "cost_per_generation": 8.897476666666661e-05,
    "cost_per_success": 0.0006844212820512817,
    "pass_rate": 13.0
  },
  "gpt": {
    "total_generations": 300,
    "successful_generations": 234,
    "total_tokens": 106669,
    "total_latency": 749.071192741394,
    "total_cost": 0.04075214999999997,
    "avg_tokens": 355.56333333333333,
    "median_tokens": 336.0,
    "std_tokens": 107.6425677735276,
    "avg_latency": 2.496903975804647,
    "median_latency": 2.237107276916504,
    "std_latency": 1.1378210092709975,
    "cost_per_generation": 0.0001358404999999999,
    "cost_per_success": 0.00017415448717948706,
    "pass_rate": 78.0
  },
  "gemini": {
    "total_generations": 300,
    "successful_generations": 210,
    "total_tokens": 108002,
    "total_latency": 1849.687094926834,
    "total_cost": 0.1544597499999999,
    "avg_tokens": 360.00666666666666,
    "median_tokens": 325.0,
    "std_tokens": 169.8386011985472,
    "avg_latency": 6.165623649756114,
    "median_latency": 1.2704452276229858,
    "std_latency": 19.32765819956248,
    "cost_per_generation": 0.000514865833333333,
    "cost_per_success": 0.0007355226190476186,
    "pass_rate": 70.0
  }
}