{
  "llama": {
    "total_analyzed": 189,
    "avg_loc": 22.952380952380953,
    "median_loc": 22,
    "std_loc": 6.473584388329757,
    "avg_sloc": 7.619047619047619,
    "avg_complexity": 2.886243386243386,
    "median_complexity": 3,
    "std_complexity": 1.5312424256073764,
    "avg_max_complexity": 2.9047619047619047,
    "absolute_max_complexity": 8,
    "avg_mi": 0,
    "median_mi": 0,
    "std_mi": 0,
    "avg_halstead_volume": 45.33902834756345,
    "avg_halstead_difficulty": 2.303893962085554,
    "avg_halstead_effort": 163.04127408187875
  },
  "gpt": {
    "total_analyzed": 234,
    "avg_loc": 20.73076923076923,
    "median_loc": 20.0,
    "std_loc": 7.291019363178397,
    "avg_sloc": 8.02991452991453,
    "avg_complexity": 3.324786324786325,
    "median_complexity": 3.0,
    "std_complexity": 2.3700711125640237,
    "avg_max_complexity": 3.388888888888889,
    "absolute_max_complexity": 17,
    "avg_mi": 0,
    "median_mi": 0,
    "std_mi": 0,
    "avg_halstead_volume": 52.848277422170426,
    "avg_halstead_difficulty": 2.192367690624289,
    "avg_halstead_effort": 222.38724334710798
  },
  "qwen": {
    "total_analyzed": 39,
    "avg_loc": 6.512820512820513,
    "median_loc": 7,
    "std_loc": 3.2917104406115842,
    "avg_sloc": 4.461538461538462,
    "avg_complexity": 2.1538461538461537,
    "median_complexity": 2,
    "std_complexity": 0.8441271274443497,
    "avg_max_complexity": 2.1538461538461537,
    "absolute_max_complexity": 4,
    "avg_mi": 0,
    "median_mi": 0,
    "std_mi": 0,
    "avg_halstead_volume": 8.799216731314017,
    "avg_halstead_difficulty": 0.7777777777777778,
    "avg_halstead_effort": 8.917520687471571
  },
  "gemini": {
    "total_analyzed": 210,
    "avg_loc": 21.185714285714287,
    "median_loc": 18.5,
    "std_loc": 11.477408044518114,
    "avg_sloc": 8.704761904761904,
    "avg_complexity": 3.6023809523809525,
    "median_complexity": 3.0,
    "std_complexity": 2.4358259158770807,
    "avg_max_complexity": 3.638095238095238,
    "absolute_max_complexity": 17,
    "avg_mi": 0,
    "median_mi": 0,
    "std_mi": 0,
    "avg_halstead_volume": 52.13629320351772,
    "avg_halstead_difficulty": 2.3454205025257657,
    "avg_halstead_effort": 202.68553504157896
  }
}